{
    "accuracy": 0.7059928797468354,
    "loss": 0.9210709786113305
}