{
    "accuracy": 0.6768196202531646,
    "loss": 3.9819191226476356
}