{
    "accuracy": 0.7696795886075949,
    "loss": 0.7436190496517133
}