{
    "accuracy": 0.7604825949367089,
    "loss": 0.7439600772495512
}